-0.582951360769357,25.1053943260992
-0.595347715963612,25.1081637857293
-0.613913458184356,25.1107764373273
-0.638652751507607,25.1132185407628
-0.669569620028199,25.1154717948256
-0.706667925264526,25.1175133295481
-0.749951337935784,25.1193156987536
-0.799423304052027,25.1208468728815
-0.855087005363941,25.1220702321429
-0.916945314084217,25.1229445600829
-0.985000741908948,25.12342403762
-1.05925538332912,25.1234582376575
-1.13971085318525,25.1229921203608
-1.22636821847948,25.1219660292122
-1.31922792442936,25.1203156879609
-1.41828971475633,25.1179721985944
-1.52355254618612,25.1148620404754
-1.63501449719945,25.1109070707882
-1.75267267096615,25.1060245264566
-1.87579869571266,25.0994546822306
-1.99935274355738,25.090926980418
-2.12120601060519,25.08223793661
-2.24135664408891,25.0734614738696
-2.35981007912187,25.0646215448478
-2.47657170569227,25.0557417064299
-2.59164686057431,25.0468451250778
-2.70504081943841,25.0379545820921
-2.81675878912608,25.029092478807
-2.92680590006285,25.0202808416963
-3.03518719886426,25.0115413274043
-3.1419076410657,25.0028952276913
-3.24697208400124,24.994363474285
-3.35038527985319,24.9859666436457
-3.45215186879528,24.9777249616409
-3.55227637230513,24.9696583081143
-3.65076318659305,24.9617862213615
-3.74761657614755,24.9541279025063
-3.84284066741287,24.9467022197638
-3.93643944258031,24.9395277126075
-4.02834551139222,24.9317284656319
-4.11919489214938,24.9203620793629
-4.21036425785957,24.908591546667
-4.30194545380118,24.8968151415701
-4.39394260759656,24.885027763548
-4.48635986319061,24.8732242367963
-4.57920138020853,24.8613993091261
-4.6724713332793,24.8495476508928
-4.76617391136074,24.8376638538849
-4.860313317036,24.82574243021
-4.95489376580309,24.813777811182
-5.04991948535007,24.801764346193
-5.14539471481754,24.7896963015648
-5.24132370402555,24.7775678594151
-5.337710712719,24.7653731165018
-5.43456000975482,24.7531060830545
-5.53187587230894,24.7407606816074
-5.62966258504645,24.7283307458183
-5.72792443926602,24.7158100192706
-5.82666573205586,24.7031921542927
-5.92579403066082,24.6900971470071
-6.02427783286856,24.6733703240192
-6.12241159938947,24.6557474815651
-6.22038828817324,24.6381203248585
-6.3182118605738,24.6204899865297
-6.41588625597933,24.6028575569646
-6.51341539165315,24.5852240848524
-6.61080316257454,24.5675905777667
-6.70805344129377,24.5499580027307
-6.80517007778008,24.5323272867598
-6.90215689927669,24.5146993174419
-6.99901771016584,24.4970749434767
-7.09575629183945,24.4794549752271
-7.19237640254704,24.4618401852691
-7.28888177727498,24.4442313089277
-7.38527612764273,24.4266290448415
-7.48156314174224,24.4090340554568
-7.57774648404848,24.3914469676092
-7.67382979528435,24.37386837302
-7.76981669232129,24.356298828841
-7.86568610545402,24.3386625227313
-7.96060561633709,24.3183069532254
-8.0550645619283,24.296555366864
-8.14951095860295,24.2747540363236
-8.2439479161053,24.252902273221
-8.33837852807591,24.2309993555214
-8.43280587194357,24.2090445277398
-8.52723300880314,24.1870370011412
-8.62166298327764,24.1649759539719
-8.71609882342597,24.1428605315736
-8.81054354058364,24.1206898466679
-8.90500012928328,24.0984629794831
-8.99947156708407,24.0761789779892
-9.09396081452059,24.053836858058
-9.18847081489105,24.031435603678
-9.28300449423745,24.0089741670992
-9.37756476114515,23.9864514690719
-9.47215450667898,23.9638663990078
-9.56677660423111,23.9412178151497
-9.66143390941738,23.9185045447783
-9.7561292599508,23.8957253843754
-9.85014677505092,23.8711712236018
-9.94338645570281,23.8447679932662
-10.0365610273627,23.8182913817614
-10.1296729556509,23.7917414564858
-10.222724617671,23.765118083513
-10.3157183748607,23.7384211056217
-10.4086565729133,23.7116503425565
-10.5015415416915,23.684805591289
-10.5943755951728,23.6578866262835
-10.6871610313959,23.6308931997542
-10.7799001323116,23.6038250419295
-10.8725951638206,23.5766818613016
-10.965248375615,23.5494633449008
-11.0578620011594,23.5221691585391
-11.1504382576356,23.4947989470648
-11.2429793458006,23.4673523346355
-11.335487450053,23.4398289249572
-11.4279647382432,23.4122283015342
-11.5204133616942,23.384550027934
-11.612835455108,23.3567936480444
-11.7048017327875,23.3281025706574
-11.7957909728219,23.2974765718708
-11.8866772509065,23.2666799961805
-11.9774930599689,23.2357746448493
-12.068239995385,23.2047604710953
-12.1589196405026,23.1736374130758
-12.2495335665533,23.1424053941439
-12.3400833326514,23.1110643230149
-12.4305704857136,23.0796140939876
-12.5209965604313,23.0480545871409
-12.6113630792148,23.0163856685394
-12.7016715521563,22.9846071904305
-12.7919234770161,22.9527189914563
-12.8821203391283,22.9207208968511
-12.9722636113982,22.8886127186207
-13.0623547542754,22.8563942557827
-13.1523952156797,22.8240652945352
-13.2423864309999,22.7916256084654
-13.332329823038,22.7590749587527
-13.422226801994,22.7264130943595
-13.5118705940556,22.6932920616427
-13.6005466409159,22.6585430356906
-13.6890221491299,22.623481485499
-13.7774004482765,22.5882806486737
-13.8656824189042,22.552940818229
-13.9538689343084,22.5174622794242
-14.0419608605697,22.4818453099324
-14.1299590564742,22.4460901799603
-14.2178643735264,22.4101971524256
-14.3056776559135,22.3741664830868
-14.3933997405156,22.3379984207057
-14.4810314568431,22.3016932071815
-14.5685736270707,22.2652510777174
-14.6560270659819,22.2286722609496
-14.7433925809764,22.1919569790977
-14.8306709720558,22.1551054481431
-14.9178630317962,22.1181178779126
-15.0049695453703,22.0809944722973
-15.0919912904968,22.0437354293509
-15.1789290374509,22.0063409414536
-15.2657155125155,21.9687136270188
-15.3517254391872,21.9299647220673
-15.4374374439712,21.890797344745
-15.5230243617297,21.8514613675147
-15.6084864328236,21.8119574418488
-15.6938238958091,21.7722862170973
-15.7790369874249,21.7324483405818
-15.8641259426133,21.6924444576762
-15.9490909944978,21.6522752118792
-16.0339323743827,21.6119412449146
-16.118650311779,21.5714431967932
-16.2032450343673,21.5307817059099
-16.2877167680051,21.489957409112
-16.3720657367762,21.4489709417997
-16.4562921629113,21.4078229379822
-16.5403962668677,21.3665140303824
-16.624378267278,21.3250448505043
-16.7082383809841,21.2834160287166
-16.7919768230263,21.2416281943419
-16.8755938066724,21.1996819757189
-16.9590804818014,21.1575667269805
-17.0420819849312,21.1148429700444
-17.1247466418791,21.0717006270926
-17.2072536207324,21.0283647487628
-17.2896026266045,20.9848363921118
-17.3717933683363,20.9411166160969
-17.4538255585162,20.897206481601
-17.5356989134968,20.8531070514447
-17.617413153377,20.8088193903869
-17.6989680020583,20.7643445651605
-17.7803631871939,20.7196836444695
-17.861598440264,20.6748376990063
-17.9426734965261,20.6298078014775
-18.0235880950605,20.5845950265847
-18.1043419787713,20.5392004510905
-18.184934894407,20.4936251537752
-18.2653665925443,20.4478702154894
-18.345636827614,20.4019367191563
-18.425745357932,20.3558257497782
-18.5056919456741,20.309538394455
-18.5854763568997,20.2630757424046
-18.6650414742942,20.2163754357841
-18.7443631138848,20.1694058686222
-18.8234920478166,20.1222225307234
-18.902427578918,20.0748269151347
-18.98116899673,20.027220495232
-19.0597155997381,19.9794047487927
-19.1380666953322,19.9313811579131
-19.216221599892,19.8831512089889
-19.2941796387501,19.8347163926428
-19.3719401462275,19.7860782036912
-19.4495024656163,19.7372381410723
-19.5268659492612,19.6881977078213
-19.6040299584737,19.6389584109944
-19.6809938636335,19.5895217616432
-19.7577570441467,19.5398892747406
-19.8343188884664,19.4900624691485
-19.9106787941133,19.4400428675515
-19.9868361676849,19.3898319964298
-20.0627904248563,19.3394313859784
-20.1385409903864,19.2888425700836
-20.2141972421884,19.238170103263
-20.289880821062,19.187517889862
-20.3653442934367,19.1366459361632
-20.4405774585609,19.0855473294327
-20.5155792962856,19.0342239450807
-20.5903487998896,18.9826776641382
-20.6648849761493,18.9309103731517
-20.7391868452987,18.8789239640684
-20.8132534410638,18.8267203341447
-20.8870838106975,18.7743013858082
-20.9606770149364,18.7216690265927
-21.034032128081,18.6688251689972
-21.1071482379239,18.6157717303963
-21.1800244458274,18.5625106329248
-21.252659866694,18.5090438033882
-21.3250536289735,18.4553731731278
-21.3972048746854,18.4015006779426
-21.4691127593937,18.3474282579638
-21.5407764522496,18.2931578575669
-21.6121951359526,18.2386914252447
-21.6835112646862,18.1841500799607
-21.7552163481216,18.1299319546611
-21.8267334822656,18.0755422250307
-21.8979830889452,18.0209169976727
-21.9689639389244,17.9660585208168
-22.0396748200798,17.9109690485916
-22.1101145375229,17.8556508409187
-22.1802819134865,17.8001061632997
-22.2501757874397,17.7443372867195
-22.3197950160184,17.6883464874479
-22.3891384730805,17.6321360469238
-22.458205049675,17.5757082515744
-22.5269936540698,17.5190653926762
-22.5955032117284,17.4622097662017
-22.6637326653304,17.4051436726721
-22.7316809747478,17.3478694169908
-22.7993471170507,17.2903893083003
-22.8667300865297,17.2327056598462
-22.9338288946266,17.1748207887951
-23.0006425699855,17.1167370161129
-23.0672655076702,17.0585267823142
-23.1345990031599,17.0008436372484
-23.2018984089734,16.9431191429844
-23.2688936848106,16.8851557434358
-23.335583480204,16.8269560205033
-23.4019664647235,16.7685225616751
-23.4680413279222,16.7098579598225
-23.5338067794075,16.6509648130088
-23.5992615488058,16.5918457243237
-23.6644043857609,16.5325033016614
-23.7292340599367,16.472940157567
-23.7937493610332,16.4131589090218
-23.8579490987334,16.3531621772727
-23.921832102738,16.2929525876407
-23.9853972227309,16.2325327693331
-24.0486433283863,16.1719053552567
-24.1115693093242,16.1110729818354
-24.1741740751273,16.0500382888252
-24.2364565553068,15.9888039191294
-24.2984156992712,15.9273725186075
-24.360077767524,15.8657644363451
-24.4226006760762,15.8047239827617
-24.4854219398022,15.7438611474731
-24.5479038957001,15.6827611215213
-24.6100451454296,15.6214267760625
-24.6718443126809,15.5598609870978
-24.7333000432199,15.498066635287
-24.7944110048635,15.4360466057057
-24.855175887442,15.3738037876586
-24.9155934028636,15.311341074446
-24.9756622850313,15.2486613631616
-25.0353812898538,15.185767554491
-25.094749195258,15.1226625524778
-25.15376480114,15.0593492643218
-25.2124269293347,14.9958306001849
-25.2707344236384,14.9321094729643
-25.3286861497443,14.8681887980757
-25.3862809952274,14.8040714932733
-25.4435178695296,14.7397604784175
-25.5003957039207,14.6752586752797
-25.5569134514509,14.6105690073242
-25.6141547572263,14.5463051812968
-25.6722494349532,14.4825135453345
-25.729972751197,14.4184917201386
-25.7873222578858,14.354242216028
-25.8442965909325,14.289768151707
-25.9008944096109,14.2250726496243
-25.9571143965658,14.1601588357545
-26.0129552577673,14.0950298393221
-26.0684157225285,14.0296887926624
-26.123494543468,13.9641388308945
-26.1781904965027,13.8983830917667
-26.2325023808046,13.8324247154031
-26.2864290187849,13.7662668440754
-26.3399692560753,13.6999126219905
-26.3931219615003,13.6333651950565
-26.4458860270018,13.5666277106679
-26.4982603676707,13.4997033174798
-26.5502439216583,13.4325951651704
-26.6018356501547,13.3653064042605
-26.6530345373425,13.297840185848
-26.7046443438403,13.2305954222446
-26.7577083462804,13.1640633382176
-26.810443128457,13.0973477417328
-26.862773594177,13.0304152295807
-26.9146984362649,12.9632691191901
-26.9662163716809,12.8959127308207
-27.0173261414307,12.8283493873511
-27.0680265105966,12.7605824140076
-27.1183162682803,12.6926151381809
-27.1681942276068,12.6244508891432
-27.2176592256834,12.5560929978391
-27.2667101235591,12.4875447966602
-27.3153458062311,12.4188096191816
-27.3635651825558,12.3498907999675
-27.4113671852653,12.2807916743184
-27.4587507708944,12.2115155780477
-27.505714919748,12.1420658472474
-27.5522586358719,12.0724458180732
-27.5983809469892,12.0026588264963
-27.6440809044445,11.9327082081099
-27.6898557138132,11.8628092937982
-27.7375259481808,11.7937200954373
-27.7850594003482,11.7245514989392
-27.8321609657205,11.6551803314465
-27.878829427268,11.5856100688262
-27.9250635923276,11.5158441890244
-27.9708622925561,11.4458861717836
-28.0162243839435,11.3757394984304
-28.061148746751,11.3054076516306
-28.1056342855067,11.2348941151524
-28.1496799289769,11.1642023736394
-28.1932846300933,11.0933359123678
-28.2364473660159,11.0222982170143
-28.279167137952,10.9510927734476
-28.3214429712402,10.8797230674455
-28.3632739152551,10.8081925845156
-28.4046590433462,10.7365048096483
-28.4455974528463,10.6646632270724
-28.4860882649504,10.5926713200475
-28.526130624725,10.520532570645
-28.5659518736523,10.4483334130734
-28.6078459114108,10.3768957990283
-28.6499838309922,10.3055269924695
-28.6916654598301,10.233973002785
-28.732889694647,10.1622374288638
-28.7736554564425,10.0903238709805
-28.8139616904814,10.0182359306345
-28.8538073662913,9.94597721029038
-28.8931914776143,9.87355131313024
-28.9321130423595,9.80096184284065
-28.970571102623,9.72821240339243
-29.0085647246272,9.65530659876492
-29.0460929986452,9.58224803276551
-29.08315503906,9.50904030877524
-29.1197499842156,9.43568702952007
-29.1558769964411,9.36219179684912
-29.1915352619753,9.28855821152439
-29.2267239909336,9.21478987295927
-29.2614424172683,9.14089037902386
-29.295689798662,9.06686332580051
-29.329514282162,8.99272720636901
-29.3652434093296,8.9191839594335
-29.4018114781153,8.84587881109269
-29.4379021619513,8.77240839598556
-29.4735144873158,8.69877640561469
-29.5086475046858,8.62498653249446
-29.5433002885375,8.55104246993932
-29.5774719373213,8.47694791181652
-29.6111615734233,8.40270655234292
-29.644368343159,8.32832208582346
-29.6770914167134,8.25379820646219
-29.7093299881674,8.17913860811927
-29.7410832753521,8.10434698407079
-29.772350519978,8.02942702682969
-29.8031309874009,7.95438242787156
-29.8334239667582,7.87921687746689
-29.8632287707953,7.80393406438549
-29.8925447358926,7.72853767577999
-29.921371221997,7.65303139685329
-29.9497076125473,7.57741891075199
-29.977553314454,7.50170389821108
-30.0067419598484,7.42633874560994
-30.0375835606875,7.35137030212059
-30.0679333242389,7.27625936606273
-30.0977871645379,7.20100888666479
-30.1271442716779,7.12562262356187
-30.1560038593333,7.05010433697879
-30.1843651647971,6.97445778754968
-30.2122274488909,6.8986867359996
-30.2395899960327,6.82279494302946
-30.2664521140958,6.74678616905453
-30.2928131345123,6.67066417392874
-30.318672412082,6.59443271686939
-30.3440293251377,6.51809555608054
-30.3688832753021,6.44165644863648
-30.3932336876201,6.36511915025153
-30.4170800103996,6.28848741503987
-30.4404217152634,6.21176499532226
-30.4632582970175,6.13495564139583
-30.4855892736889,6.05806310135648
-30.5074141863884,5.98109112082454
-30.5299319551175,5.90427249754271
-30.5547991965302,5.82790107490325
-30.5792798999214,5.75143388216475
-30.6032505470032,5.67485076435474
-30.6267104734303,5.59815552760199
-30.6496590380515,5.52135197877845
-30.6720956228602,5.44444392503465
-30.6940196330633,5.36743517371434
-30.7154304970158,5.29032953213147
-30.7363276661562,5.21313080728305
-30.7567106150795,5.13584280575827
-30.7765788414066,5.05846933337892
-30.7959318658774,4.98101419515251
-30.814769232213,4.90348119493405
-30.8330905071095,4.82587413525835
-30.8508952802985,4.74819681717094
-30.8681831643618,4.67045303994951
-30.884953794801,4.59264660097034
-30.9012068299449,4.51478129543688
-30.9169419509729,4.43686091619924
-30.9328267966979,4.35898201258311
-30.951425433943,4.28148388976837
-30.9699313754695,4.2039518667508
-30.9879165662,4.12632872426144
-31.0053804904189,4.0486182983642
-31.0223226552509,3.97082442597849
-31.0387425905629,3.89295094446425
-31.0546398491182,3.81500169155089
-31.0700140063931,3.73698050515969
-31.0848646607299,3.65889122300871
-31.0991914331627,3.58073768266536
-31.1129939675459,3.5025237210661
-31.1262719304073,3.42425317458179
-31.1390250110225,3.3459298785985
-31.1512529213477,3.26755766744355
-31.1629553960241,3.18914037412412
-31.1741321922646,3.11068183013816
-31.1847830899193,3.03218586523855
-31.1949078915017,2.95365630734636
-31.2045064218882,2.87509698218003
-31.2138554132609,2.79653604133188
-31.225905506253,2.71822100550594
-31.2383538352835,2.63992152908088
-31.2502741526167,2.56155656081347
-31.2616660923647,2.48312995303905
-31.2725293110857,2.40464555915878
-31.2828634878594,2.32610723338809
-31.2926683243603,2.24751883057621
-31.3019435447501,2.16888420598735
-31.3106888957954,2.09020721513298
-31.3189041466647,2.0114917135146
-31.3265890891357,1.93274155648169
-31.3337435374882,1.85396059898721
-31.3403673284282,1.7751526954001
-31.3464603212394,1.69632169934459
-31.3520223975491,1.61747146341327
-31.3570534615868,1.53860583906038
-31.3615534398757,1.4597286763248
-31.3655222813278,1.38084382368788
-31.3689599573679,1.30195512785178
-31.3719179684686,1.22306836687187
-31.3771652477867,1.14428006506557
-31.3834962013857,1.0655152679675
-31.3892953094679,0.986711090330061
-31.3945623555983,0.90787138923929
-31.399297145814,0.829000023119875
-31.4034995087961,0.750100851642799
-31.4071692949481,0.671177735449646
-31.4103063779639,0.592234535982072
-31.4129106531003,0.513275115271483
-31.4149820384686,0.434303335768504
-31.4165204746056,0.355323060099977
-31.4175259241261,0.27633815091832
-31.4179983722763,0.197352470655687
-31.4179378268363,0.118369881325009
-31.4173443177441,0.0393942444304685
-31.4162178970649,-0.0395705794446144
-31.4145586399915,-0.118520730585203
-31.4123666433527,-0.197452350558081
-31.4096420266483,-0.276361582308482
-31.406384931704,-0.355244570323521
-31.4046233546551,-0.434130465168892
-31.4047945979684,-0.513054774273769
-31.4044393245718,-0.591992259751351
-31.4035517295107,-0.670938998472081
-31.4021317675839,-0.749891137282077
-31.4001794159334,-0.828844821447206
-31.3976946740002,-0.907796194810828
-31.3946775636585,-0.986741400080859
-31.3911281291996,-1.06567657890082
-31.3870464373054,-1.144597872171
-31.3824325770304,-1.22350142021048
-31.3772866599095,-1.30238336288784
-31.371608819886,-1.38123983992671
-31.3653992134399,-1.46006699105072
-31.3586580193163,-1.53886095612279
-31.3513854389114,-1.6176178755444
-31.3435816958624,-1.69633389016894
-31.3352470364411,-1.7750051417778
-31.3263817292043,-1.85362777306608
-31.3169860652665,-1.93219792800505
-31.3083076346736,-2.0107946258392
-31.3021747958542,-2.08956141891008
-31.2956550801633,-2.16832410142871
-31.2886062150143,-2.24706992106292
-31.281028302493,-2.32579504025665
-31.2729214671142,-2.4044956193876
-31.2642858559581,-2.48316781716937
-31.2551216384751,-2.56180779067989
-31.2454290067748,-2.64041169573801
-31.2352081753984,-2.7189756869177
-31.2244593815485,-2.79749591788629
-31.2131828849106,-2.8759685415281
-31.2013789679346,-2.95438971025277
-31.1890479355545,-3.03275557604792
-31.1761901153726,-3.11106229074767
-31.162805857636,-3.1893060063382
-31.1488955352988,-3.26748287496486
-31.1344595438833,-3.34558904932294
-31.1194983016355,-3.42362068273872
-31.1040122494306,-3.50157392942094
-31.088654234086,-3.57952136488819
-31.0760526989791,-3.65778732684134
-31.0633814244035,-3.73606588733821
-31.0501876225178,-3.81430193039165
-31.0364715407346,-3.89249164509806
-31.0222334489561,-3.97063121824175
-31.0074736399091,-4.04871683462034
-30.9921924290382,-4.12674467718546
-30.9763901544894,-4.20471092719907
-30.9600671772529,-4.28261176457028
-30.9432238812128,-4.36044336792207
-30.9258606729827,-4.43820191487134
-30.9079779821882,-4.51588358223773
-30.889576261244,-4.59348454623694
-30.8706559855992,-4.67100098265263
-30.85121765358,-4.74842906711928
-30.8312617865152,-4.82576497527987
-30.8107889286688,-4.9030048829934
-30.7897996473738,-4.98014496657078
-30.7682945328448,-5.05718140297375
-30.7465254359972,-5.13415277133049
-30.7273328357113,-5.21154994607542
-30.7085455732633,-5.28903476894982
-30.6892458830731,-5.36645219649756
-30.6694341545686,-5.44379845746619
-30.6491108001843,-5.52106977821722
-30.6282762552879,-5.59826238292658
-30.6069309783602,-5.67537249370105
-30.5850754509709,-5.75239633094071
-30.5627101778047,-5.82933011341709
-30.5398356866903,-5.90617005856728
-30.5164525287449,-5.98291238264892
-30.4925612782238,-6.05955330099874
-30.4681625327063,-6.13608902820744
-30.4432569130533,-6.21251577838109
-30.4178450634595,-6.28882976531315
-30.3919276514268,-6.36502720269476
-30.365505367854,-6.441104304389
-30.3385789270418,-6.5170572845787
-30.3111490666204,-6.5928823580137
-30.2832574260776,-6.66858480578867
-30.2574048202278,-6.74472642627251
-30.2325595131833,-6.82110841182606
-30.2072153873485,-6.89739923158896
-30.1813729696065,-6.9735951698874
-30.1550328100788,-7.04969250864735
-30.1281954823111,-7.12568752760063
-30.1008615831769,-7.20157650451512
-30.0730317330562,-7.27735571535959
-30.0447065757663,-7.35302143458796
-30.0158867787019,-7.42856993531689
-29.9865730328005,-7.5039974895347
-29.9567660526399,-7.57930036837422
-29.9264665763946,-7.65447484224779
-29.895675365972,-7.7295171811798
-29.8643932069552,-7.80442365490188
-29.8326209086696,-7.87919053319968
-29.8003593042331,-7.95381408602651
-29.7676092505093,-8.02829058380183
-29.7343716281844,-8.10261629760731
-29.7006473417881,-8.17678749940853
-29.6681448548838,-8.25128035123299
-29.6373143752419,-8.32624965977971
-29.6060093306103,-8.40110745820652
-29.5742232723931,-8.47584814047622
-29.5419568813394,-8.55046806395023
-29.5092108618633,-8.62496358399341
-29.4759859421092,-8.69933105421552
-29.44228287393,-8.77356682671859
-29.4081024330275,-8.84766725226029
-29.3734454189163,-8.92162868056658
-29.338312655058,-8.99544746043972
-29.3027049887883,-9.06911994009789
-29.266623291447,-9.14264246734007
-29.2300684583871,-9.21601138976769
-29.1930414089876,-9.28922305504187
-29.1555430867142,-9.36227381110228
-29.1175744591335,-9.43516000640585
-29.0791365179054,-9.50787799011721
-29.0402302788962,-9.5804241123858
-29.0008567821133,-9.6527947245562
-28.9619967274703,-9.72531787483888
-28.9251727525993,-9.79853092705412
-28.8880120411221,-9.87165150905582
-28.8503911394315,-9.94463460540658
-28.8123108481145,-10.0174766733417
-28.7737719915917,-10.0901741685462
-28.7347754181631,-10.1627235454245
-28.6953220000782,-10.2351212573197
-28.655412633573,-10.3073637567221
-28.6150482389161,-10.3794474955251
-28.57422976045,-10.4513689252144
-28.5329581666375,-10.5231244971606
-28.4912344501038,-10.5947106627596
-28.4490596276619,-10.6661238737857
-28.4064347403344,-10.7373605824904
-28.3633608534458,-10.8084172419453
-28.3198390565587,-10.8792903062138
-28.2758704635945,-10.9499762306015
-28.2314562127475,-11.020471471906
-28.1865974666474,-11.0907724886388
-28.141766826959,-11.1610639515149
-28.0989589329032,-11.2321581796678
-28.0560692713863,-11.3032401317611
-28.0127437728041,-11.3741665090004
-27.9689833417677,-11.4449338981316
-27.9247889066347,-11.5155388851221
-27.8801614196297,-11.5859780553109
-27.8351018568458,-11.6562479936718
-27.7896112183178,-11.7263452850395
-27.7436905280226,-11.7962665143324
-27.6973408340034,-11.8660082667873
-27.6505632083072,-11.9355671281809
-27.6033587471062,-12.0049396850817
-27.5557285706597,-12.074122525064
-27.5076738234318,-12.14311223696
-27.4591956740231,-12.2119054110669
-27.4102953152628,-12.2804986394215
-27.3609739642183,-12.3488885159958
-27.3112328622112,-12.4170716369619
-27.2610732748262,-12.4850446009177
-27.2106592583654,-12.5528794953411
-27.1619470222248,-12.6214943419697
-27.1134764341326,-12.6902395508452
-27.0645978304351,-12.7588138191385
-27.0153121972342,-12.8272138984372
-26.9656205439837,-12.8954365403871
-26.9155239035911,-12.963478496934
-26.8650233324088,-13.0313365205581
-26.8141199103113,-13.0990073645009
-26.7628147406974,-13.1664877829664
-26.711108950574,-13.2337745313862
-26.6590036905313,-13.3008643666173
-26.6065001348203,-13.3677540471822
-26.5535994813838,-13.4344403334978
-26.500302951839,-13.5009199881068
-26.4466117915454,-13.5671897759039
-26.3925272695928,-13.6332464643786
-26.3380506788579,-13.6990868238328
-26.283183335984,-13.7647076276124
-26.2279265814357,-13.8301056523574
-26.1723035620307,-13.8952892902282
-26.1178469485444,-13.9610819322712
-26.0639647740504,-14.0271961119566
-26.0097057447119,-14.0931271730793
-25.9550708970806,-14.1588720726645
-25.9000612901858,-14.2244277688945
-25.8446780055586,-14.289791221286
-25.7889221472837,-14.3549593909484
-25.7327948420226,-14.4199292407677
-25.6762972390362,-14.4846977356337
-25.6194305102646,-14.549261842663
-25.5621958502736,-14.6136185314063
-25.5045944763168,-14.6777647740791
-25.4466276283999,-14.7416975457588
-25.3882965692235,-14.8054138246366
-25.3296025842609,-14.8689105922017
-25.2705469817165,-14.9321848334978
-25.2111310926111,-14.9952335373115
-25.1513562707217,-15.0580536964192
-25.0912238926333,-15.1206423077895
-25.0307353577313,-15.1829963728289
-24.9707935684874,-15.2456678624233
-24.9116854850747,-15.3088580003029
-24.8522400369197,-15.3718596699015
-24.792453058803,-15.434666909286
-24.7323256171818,-15.4972769285791
-24.6718587994621,-15.5596869403396
-24.6110537140659,-15.6218941597821
-24.5499114904071,-15.6838958049583
-24.488433278924,-15.7456890969613
-24.4266202511419,-15.8072712601367
-24.3644735996234,-15.8686395222539
-24.3019945380446,-15.929791114737
-24.2391843011447,-15.990723272833
-24.17604414481,-16.0514332358346
-24.112575346031,-16.1119182472838
-24.0487792029214,-16.1721755551582
-23.9846570347197,-16.2322024120648
-23.9202101818151,-16.2919960754778
-23.8554400057239,-16.3515538079018
-23.7903478890928,-16.4108728771019
-23.7253623689639,-16.4702493262979
-23.6611918190647,-16.5301957881937
-23.596775661926,-16.5899875934095
-23.5320549897764,-16.6495808611209
-23.4670308220799,-16.7089731017811
-23.4017041969295,-16.768161829269
-23.3360761711253,-16.8271445610458
-23.2701478201037,-16.8859188183355
-23.2039202380207,-16.9444821262807
-23.1373945377115,-17.0028320141164
-23.0705718507267,-17.0609660153538
-23.0034533273255,-17.1188816679333
-22.9360401364858,-17.1765765144002
-22.868333465901,-17.2340481020818
-22.8003345219705,-17.2912939832493
-22.732044529829,-17.3483117153012
-22.6634647333356,-17.4050988609331
-22.5945963950082,-17.4616529882776
-22.5254407961359,-17.5179716711497
-22.4559992366423,-17.574052489131
-22.386427703222,-17.6300156876408
-22.3174192907919,-17.6864215353113
-22.2482704638765,-17.7427298176973
-22.1788563689245,-17.798840021856
-22.109177910481,-17.8547500073492
-22.0392360085853,-17.9104576377974
-21.9690315987506,-17.9659607809675
-21.8985656319788,-18.0212573089349
-21.8278390747614,-18.0763450981893
-21.7568529091039,-18.1312220297976
-21.6856081324465,-18.1858859894831
-21.6141057577545,-18.2403348678093
-21.5423468134745,-18.2945665602809
-21.470332343489,-18.3485789674805
-21.3980634071859,-18.4023699951908
-21.3255410793977,-18.455937554554
-21.2527664503952,-18.5092795621721
-21.1797406259208,-18.5623939402518
-21.1064647270945,-18.615278616732
-21.0329398905017,-18.6679315254239
-20.9591996414488,-18.7203797127154
-20.8856641736233,-18.7730061506983
-20.8120438956868,-18.8255656281413
-20.7381991698796,-18.8779323604145
-20.6641307042332,-18.9301046015906
-20.5898392181865,-18.9820806097686
-20.5153254426079,-19.0338586471398
-20.4405901198101,-19.085436980091
-20.365634003484,-19.1368138792534
-20.290457858745,-19.1879876196253
-20.215062462097,-19.2389564805936
-20.1394486014209,-19.2897187460673
-20.0636170759921,-19.3402727045289
-19.9875686964361,-19.3906166491217
-19.9113042847372,-19.4407488777287
-19.8348246742057,-19.4906676930451
-19.758130709512,-19.5403714026774
-19.6812232466115,-19.5898583192047
-19.6041031527642,-19.6391267602635
-19.5267713065263,-19.688175048627
-19.4492295348169,-19.7370024707624
-19.3715605998605,-19.7856947489797
-19.2937542550766,-19.8342506995111
-19.2157650222185,-19.8826242645431
-19.1375933188226,-19.9308141297919
-19.0592395689933,-19.9788189840127
-18.9807042033735,-20.0266375190438
-18.9019876591701,-20.0742684298206
-18.8230903801198,-20.1217104143886
-18.7440128164553,-20.1689621739256
-18.6647554249646,-20.2160224127759
-18.5853186689016,-20.2628898384297
-18.5057030180161,-20.3095631615945
-18.4259089485323,-20.3560410961728
-18.3459369431489,-20.4023223593083
-18.2657874910021,-20.4484056713788
-18.185461087684,-20.4942897560464
-18.1049582352003,-20.5399733402551
-18.0242794419755,-20.5854551542451
-17.9434252228347,-20.6307339315941
-17.862396099008,-20.675808409225
-17.7810556279169,-20.7205185484533
-17.6993748124858,-20.7648310321197
-17.6175513118537,-20.8089751794688
-17.5355862440838,-20.8529514022239
-17.4534796345654,-20.8967588416968
-17.3712315097447,-20.9403966399215
-17.2888418971709,-20.9838639396871
-17.2063108254179,-21.0271598844244
-17.1236383241421,-21.0702836181888
-17.0408244240193,-21.1132342856104
-16.9578691567764,-21.1560110318338
-16.8747725551739,-21.1986130024954
-16.791534652981,-21.2410393436528
-16.7081554850014,-21.2832892017417
-16.6246350870395,-21.3253617235395
-16.5409734959056,-21.3672560561129
-16.4571707494218,-21.4089713467615
-16.373226886401,-21.4505067429776
-16.2891419466447,-21.4918613923977
-16.204915970944,-21.5330344427549
-16.1203607122303,-21.5737724285681
-16.0351693324344,-21.6136547800026
-15.9498464372263,-21.65335022232
-15.8644213662555,-21.6928981283971
-15.7788936406021,-21.7322980936324
-15.6932627767375,-21.7715497103029
-15.6075282864677,-21.8106525674656
-15.5216896769517,-21.8496062508287
-15.4357464506944,-21.888410342634
-15.3496981055781,-21.927064421569
-15.2635441348124,-21.9655680625962
-15.1772840270027,-22.0039208369144
-15.090917266123,-22.0421223117789
-15.0044433315031,-22.0801720504198
-14.9178616978872,-22.1180696119056
-14.8311718354009,-22.1558145510549
-14.7443732095667,-22.1934064182896
-14.6574652813328,-22.2308447595481
-14.570447507063,-22.2681291161301
-14.4833193385693,-22.3052590246311
-14.3959390118781,-22.3420139196968
-14.3076675819145,-22.3773821270036
-14.2192047342988,-22.4124308254765
-14.1306763699163,-22.4473562699629
-14.0420814072201,-22.4821584859598
-13.9534187545379,-22.516837490258
-13.8646873100811,-22.5513932907774
-13.7758859619808,-22.5858258863731
-13.6870135882759,-22.6201352667019
-13.5980690569852,-22.654321411985
-13.5090512260788,-22.6883842928864
-13.4199589435426,-22.7223238702969
-13.3307910473832,-22.7561400951778
-13.2415463656656,-22.7898329083793
-13.1522237165456,-22.8234022404664
-13.0628219082652,-22.8568480115101
-12.9733397392414,-22.8901701309645
-12.8837759980527,-22.923368497441
-12.7941294634837,-22.956442998548
-12.7043989045575,-22.9893935106944
-12.6145194312187,-23.0221031562557
-12.5236414218875,-23.0529936691315
-12.4324216154989,-23.0832237114392
-12.3411690170201,-23.1133575732365
-12.2498818630618,-23.1433956572538
-12.1585583754822,-23.1733383502881
-12.0671967614328,-23.2031860229789
-11.9757952133924,-23.2329390295771
-11.8843519092636,-23.2625977077578
-11.7928650123687,-23.2921623783426
-11.7013326715252,-23.3216333451214
-11.6097530211078,-23.3510108946003
-11.518124181076,-23.3802952957806
-11.4264442570573,-23.4094867999364
-11.3347113403861,-23.438585640401
-11.2429235081606,-23.4675920322967
-11.1510788233161,-23.4965061723575
-11.0591753346611,-23.5253282386516
-10.9672110769665,-23.5540583904008
-10.875184071007,-23.5826967677053
-10.7830835807491,-23.61122424639
-10.6900819280668,-23.6377980951126
-10.596509380359,-23.6630687956165
-10.5029317689059,-23.6882716977018
-10.4093466019663,-23.7134074997275
-10.3157513699003,-23.7384768755728
-10.2221435453018,-23.7634804743831
-10.1285205830678,-23.788418920353
-10.0348799204468,-23.8132928124124
-9.94121897716838,-23.8381027240678
-9.8475351554896,-23.8628492030379
-9.75382584031621,-23.8875327711199
-9.66008839925649,-23.912153923839
-9.56632018272359,-23.9367131302576
-9.47251852403497,-23.9612108326725
-9.37868073947925,-23.9856474464077
-9.28480412843129,-24.010023359509
-9.19088597341471,-24.0343389325027
-9.09692354024259,-24.05859449815
-9.00291407806435,-24.0827903611713
-8.90885481947947,-24.1069267979668
-8.81417182795303,-24.1294244016078
-8.71867390409022,-24.1496468736031
-8.62318705068219,-24.1698136107143
-8.527713862469,-24.1899413225699
-8.43225109964294,-24.2100308638033
-8.33679550360813,-24.2300830551038
-8.24134379706862,-24.2500986829338
-8.14589268412789,-24.2700784993197
-8.0504388504508,-24.2900232216332
-7.95497896335746,-24.3099335322317
-7.85950967193827,-24.3298100783395
-7.76402760719179,-24.3496534717003
-7.66852938217255,-24.3694642883529
-7.5730115920237,-24.3892430683889
-7.4774708142229,-24.4089903156677
-7.38190360861637,-24.4287064975595
-7.28630651760085,-24.4483920447106
-7.19067606619888,-24.4680473507369
-7.09500876223927,-24.4876727719667
-6.99930109647369,-24.5072686272206
-6.90323904987196,-24.5257186869878
-6.80629199463567,-24.5409880598736
-6.70932313997099,-24.556051074655
-6.61238308335328,-24.5711005112547
-6.5154679121818,-24.5861372852229
-6.41857369634238,-24.6011622692222
-6.32169648840204,-24.6161762927491
-6.22483232374549,-24.6311801419303
-6.12797722077261,-24.6461745593519
-6.03112718098799,-24.6611602437639
-5.93427818919849,-24.6761378499354
-5.83742621366667,-24.6911079883942
-5.74056720625862,-24.7060712251709
-5.64369710259172,-24.721028081643
-5.54681182222225,-24.7359790342497
-5.44990726877046,-24.7509245142602
-5.35297933009815,-24.765864907542
-5.25602387846931,-24.7808005543638
-5.15903677071492,-24.7957317490549
-5.06201384837368,-24.8106587398787
-4.96482537185585,-24.824944360897
-4.86688870276311,-24.8354817847467
-4.76887023950354,-24.8454130014698
-4.67088984222244,-24.8553514218766
-4.57294304240179,-24.8652979034301
-4.47502535769786,-24.8752532528783
-4.37713229218275,-24.8852182262443
-4.27925933641404,-24.895193528598
-4.18140196773464,-24.9051798139371
-4.08355565040495,-24.9151776850239
-3.9857158357961,-24.9251876931654
-3.88787796255201,-24.935210338151
-3.79003745681956,-24.9452460680301
-3.69218973236514,-24.9552952789033
-3.59433019084321,-24.9653583147904
-3.4964542219214,-24.9754354674728
-3.39855720348794,-24.9855269762746
-3.30063450182081,-24.9956330278785
-3.20268147182219,-25.0057537561332
-3.10469345712505,-25.0158892419049
-3.0066367690182,-25.0257926576722
-2.90811342885462,-25.0318886604742
-2.80947588263274,-25.0366991135418
-2.71088060282381,-25.0415310595043
-2.61232273688705,-25.0463851954347
-2.51379742406925,-25.0512621624278
-2.41529979553121,-25.0561625453504
-2.31682497462771,-25.0610868730469
-2.21836807706381,-25.0660356179889
-2.11992421111091,-25.0710091963799
-2.02148847782126,-25.0760079679969
-1.92305597120423,-25.0810322361168
-1.82462177845366,-25.0860822475064
-1.72618098014965,-25.0911581921468
-1.62772865042911,-25.0962602033576
-1.52925985724579,-25.1013883575184
-1.4307696625167,-25.1065426740677
-1.33225312236362,-25.1117231153618
-1.23370528730788,-25.1169295865887
-1.13512120246639,-25.1221619355741
-1.03649479643195,-25.1273915169029
-0.937713494441539,-25.1293537533324
-0.838878590279535,-25.129090749822
-0.740086419163788,-25.128855646664
-0.641331957876901,-25.1286489106534
-0.542610181616965,-25.1284709501528
-0.443916064232042,-25.1283221151724
-0.345244578403481,-25.1282026972917
-0.246590695873294,-25.1281129297946
-0.147949387654478,-25.1280529876222
-0.0493156242285409,-25.1280229873798
0.0493156242285409,-25.1280229873799
0.147949387654478,-25.1280529876221
0.246590695873294,-25.1281129297946
0.345244578403481,-25.1282026972917
0.443916064232042,-25.1283221151724
0.542610181618386,-25.1284709501527
0.641331957874058,-25.1286489106534
0.740086419165209,-25.1288556466639
0.838878590279535,-25.1290907498221
0.937713494441539,-25.1293537533324
1.03649479643195,-25.1273915169065
1.13512120246781,-25.1221619355751
1.23370528730646,-25.1169295865886
1.33225312236362,-25.1117231153615
1.43076966251385,-25.106542674067
1.52925985724721,-25.1013883575129
1.62772865043195,-25.0962602033677
1.72618098014823,-25.0911581921518
1.8246217784565,-25.0860822474899
1.92305597120423,-25.0810322361279
2.02148847781842,-25.0760079679928
2.11992421111376,-25.071009196375
2.21836807706097,-25.0660356179836
2.31682497462771,-25.0610868730531
2.41529979553263,-25.0561625453638
2.51379742406641,-25.0512621624202
2.61232273689131,-25.0463851954445
2.71088060282096,-25.0415310595013
2.80947588263274,-25.0366991135474
2.90811342885462,-25.0318886604713
3.00663676901678,-25.0257926576515
3.10469345713642,-25.015889241913
3.20268147181082,-25.0057537561348
3.30063450182649,-24.9956330278749
3.3985572034851,-24.9855269762744
3.49645422192424,-24.9754354674733
3.59433019084747,-24.9653583147914
3.69218973236229,-24.9552952789044
3.79003745680677,-24.9452460680281
3.88787796256196,-24.9352103381538
3.98571583579326,-24.9251876931618
4.08355565040779,-24.9151776850212
4.18140196773322,-24.9051798139437
4.27925933641262,-24.8951935286053
4.37713229218275,-24.8852182262397
4.47502535770354,-24.8752532528806
4.57294304240747,-24.8652979034267
4.67088984221533,-24.8553514218793
4.76887023950212,-24.8454130014672
4.86688870276737,-24.8354817847446
4.9648253718459,-24.824944360893
5.06201384837226,-24.8106587398803
5.1590367707135,-24.7957317490568
5.25602387847073,-24.7808005543591
5.35297933010099,-24.7658649075509
5.44990726876762,-24.750924514252
5.54681182222083,-24.7359790342529
5.64369710259029,-24.721028081645
5.74056720626146,-24.7060712251752
5.8374262136681,-24.6911079883819
5.93427818919707,-24.67613784994
6.03112718098515,-24.6611602437614
6.12797722077261,-24.6461745593532
6.22483232375259,-24.631180141929
6.32169648839636,-24.6161762927509
6.41857369634522,-24.6011622692212
6.51546791218038,-24.5861372852257
6.61238308335612,-24.571100511254
6.70932313996957,-24.5560510746561
6.80629199463851,-24.5409880598725
6.90323904987054,-24.5257186869853
6.99930109647227,-24.5072686272181
7.09500876224354,-24.4876727719678
7.19067606619461,-24.468047350738
7.28630651760227,-24.4483920447113
7.38190360861779,-24.4287064975591
7.47747081422432,-24.4089903156688
7.57301159202086,-24.3892430683857
7.66852938216687,-24.3694642883554
7.7640276071989,-24.3496534717
7.85950967193969,-24.3298100783413
7.9549789633532,-24.3099335322302
8.05043885045222,-24.2900232216321
8.14589268412789,-24.2700784993215
8.24134379707004,-24.2500986829324
8.33679550360813,-24.2300830551017
8.43225109964152,-24.2100308638026
8.52771386246616,-24.1899413225731
8.62318705068503,-24.1698136107136
8.71867390409164,-24.1496468736045
8.81417182795161,-24.1294244016096
8.90885481948089,-24.1069267979693
9.00291407806151,-24.0827903611684
9.09692354024685,-24.0585944981504
9.19088597341329,-24.034338932503
9.28480412843129,-24.0100233595086
9.37868073947925,-23.9856474464091
9.47251852403213,-23.9612108326721
9.56632018272501,-23.9367131302576
9.66008839925507,-23.9121539238383
9.75382584032047,-23.887532771122
9.84753515548533,-23.8628492030383
9.94121897717122,-23.8381027240639
10.034879920444,-23.8132928124148
10.1285205830706,-23.7884189203523
10.2221435453018,-23.7634804743827
10.3157513699003,-23.7384768755735
10.4093466019634,-23.7134074997261
10.5029317689073,-23.6882716977
10.596509380359,-23.6630687956193
10.6900819280639,-23.637798095109
10.7830835807562,-23.6112242463903
10.8751840709999,-23.5826967677006
10.9672110769708,-23.5540583904012
11.0591753346625,-23.5253282386534
11.1510788233147,-23.4965061723575
11.2429235081621,-23.467592032295
11.3347113403805,-23.4385856403993
11.4264442570629,-23.4094867999428
11.5181241810717,-23.380295295776
11.6097530211078,-23.3510108946035
11.7013326715252,-23.3216333451168
11.7928650123687,-23.2921623783458
11.8843519092664,-23.2625977077571
11.9757952133938,-23.2329390295789
12.0671967614314,-23.2031860229782
12.1585583754808,-23.1733383502863
12.249881863066,-23.1433956572559
12.3411690170173,-23.1133575732358
12.4324216154974,-23.0832237114399
12.5236414218918,-23.0529936691305
12.614519431213,-23.0221031562557
12.7043989045603,-22.9893935106965
12.7941294634823,-22.9564429985437
12.8837759980527,-22.9233684974453
12.97333973924,-22.8901701309638
13.062821908261,-22.8568480115058
13.1522237165456,-22.8234022404685
13.241546365667,-22.7898329083779
13.330791047386,-22.7561400951814
13.4199589435397,-22.7223238702948
13.5090512260803,-22.6883842928856
13.5980690569809,-22.6543214119843
13.6870135882816,-22.6201352667033
13.7758859619765,-22.5858258863717
13.8646873100868,-22.5513932907795
13.9534187545323,-22.516837490253
14.0420814072201,-22.482158485959
14.1306763699163,-22.4473562699671
14.219204734303,-22.4124308254787
14.3076675819131,-22.3773821270001
14.395939011871,-22.3420139196961
14.4833193385736,-22.3052590246326
14.5704475070659,-22.2681291161308
14.6574652813328,-22.2308447595474
14.7443732095653,-22.1934064182911
14.8311718353966,-22.1558145510528
14.9178616978901,-22.1180696119113
15.0044433315045,-22.080172050417
15.090917266123,-22.0421223117832
15.1772840270027,-22.0039208369109
15.263544134811,-21.9655680625969
15.3496981055753,-21.9270644215655
15.4357464506987,-21.8884103426397
15.5216896769531,-21.8496062508251
15.6075282864677,-21.8106525674685
15.6932627767375,-21.771549710305
15.7788936406021,-21.7322980936295
15.8644213662512,-21.6928981283978
15.9498464372334,-21.6533502223207
16.0351693324316,-21.6136547799998
16.1203607122346,-21.5737724285731
16.2049159709412,-21.5330344427528
16.2891419466462,-21.4918613924027
16.3732268863996,-21.4505067429727
16.4571707494261,-21.4089713467622
16.5409734959084,-21.3672560561157
16.6246350870338,-21.3253617235367
16.7081554849972,-21.2832892017374
16.7915346529853,-21.2410393436564
16.8747725551739,-21.1986130024968
16.9578691567764,-21.1560110318352
17.0408244240193,-21.1132342856075
17.1236383241379,-21.0702836181859
17.2063108254193,-21.0271598844258
17.2888418971723,-20.9838639396885
17.3712315097475,-20.9403966399215
17.4534796345668,-20.8967588416961
17.5355862440838,-20.8529514022281
17.6175513118494,-20.8089751794652
17.6993748124858,-20.7648310321183
17.7810556279212,-20.720518548454
17.8623960990038,-20.6758084092264
17.943425222839,-20.6307339315956
18.0242794419726,-20.5854551542423
18.1049582352003,-20.5399733402558
18.1854610876826,-20.4942897560457
18.2657874910049,-20.4484056713788
18.3459369431517,-20.4023223593097
18.4259089485252,-20.35604109617
18.5057030180175,-20.3095631615945
18.5853186688988,-20.2628898384312
18.664755424966,-20.2160224127709
18.7440128164582,-20.1689621739312
18.823090380117,-20.1217104143893
18.9019876591701,-20.0742684298184
18.9807042033706,-20.0266375190431
19.0592395689919,-19.9788189840099
19.137593318824,-19.9308141297898
19.2157650222214,-19.8826242645488
19.2937542550695,-19.8342506995083
19.3715605998634,-19.7856947489782
19.449229534824,-19.7370024707695
19.5267713065249,-19.6881750486256
19.6041031527656,-19.6391267602635
19.6812232466087,-19.589858319204
19.758130709512,-19.5403714026774
19.83482467421,-19.4906676930472
19.9113042847316,-19.4407488777252
19.9875686964404,-19.3906166491239
20.0636170759921,-19.3402727045331
20.1394486014237,-19.2897187460652
20.2150624620927,-19.2389564805922
20.290457858745,-19.1879876196218
20.3656340034868,-19.1368138792569
20.4405901198072,-19.0854369800903
20.5153254426122,-19.0338586471405
20.5898392181837,-18.9820806097686
20.6641307042347,-18.930104601592
20.7381991698838,-18.8779323604173
20.812043895684,-18.8255656281392
20.8856641736205,-18.7730061506983
20.9591996414503,-18.7203797127154
21.0329398905017,-18.6679315254267
21.1064647270931,-18.615278616727
21.1797406259137,-18.5623939402497
21.2527664503995,-18.5092795621721
21.3255410794019,-18.4559375545597
21.3980634071831,-18.4023699951915
21.4703323434904,-18.3485789674769
21.5423468134716,-18.2945665602809
21.6141057577588,-18.2403348678129
21.6856081324451,-18.185885989481
21.7568529090968,-18.131222029794
21.827839074767,-18.0763450981921
21.8985656319788,-18.0212573089349
21.9690315987492,-17.9659607809683
22.0392360085839,-17.9104576377952
22.1091779104839,-17.854750007352
22.1788563689231,-17.7988400218538
22.248270463875,-17.7427298176973
22.3174192907905,-17.6864215353106
22.3864277032206,-17.6300156876387
22.4559992366466,-17.5740524891289
22.5254407961415,-17.517971671154
22.5945963950068,-17.4616529882783
22.6634647333327,-17.4050988609295
22.7320445298346,-17.348311715304
22.8003345219662,-17.2912939832486
22.8683334658996,-17.2340481020811
22.9360401364872,-17.1765765144009
23.0034533273255,-17.1188816679326
23.0705718507323,-17.0609660153595
23.1373945377129,-17.0028320141157
23.2039202380179,-16.9444821262779
23.2701478201051,-16.8859188183376
23.3360761711239,-16.8271445610451
23.4017041969324,-16.7681618292683
23.4670308220757,-16.7089731017789
23.5320549897764,-16.6495808611181
23.5967756619317,-16.5899875934166
23.6611918190661,-16.5301957881923
23.7253623689611,-16.4702493262972
23.79034788909,-16.4108728771012
23.8554400057268,-16.3515538079054
23.9202101818137,-16.2919960754778
23.9846570347211,-16.2322024120634
24.0487792029199,-16.172175555154
24.1125753460253,-16.1119182472859
24.1760441448186,-16.0514332358382
24.239184301144,-15.9907232728301
24.3019945380439,-15.929791114737
24.3644735996199,-15.8686395222539
24.4266202511376,-15.8072712601353
24.4884332789333,-15.7456890969655
24.5499114904007,-15.6838958049541
24.6110537140645,-15.6218941597828
24.6718587994714,-15.5596869403411
24.7323256171782,-15.4972769285806
24.7924530587994,-15.4346669092838
24.8522400369183,-15.3718596698994
24.9116854850733,-15.3088580003036
24.9707935684818,-15.245667862424
25.0307353577234,-15.1829963728254
25.0912238926382,-15.1206423077902
25.1513562707245,-15.0580536964192
25.2111310926104,-14.9952335373115
25.2705469817165,-14.9321848334978
25.3296025842609,-14.8689105922031
25.3882965692235,-14.8054138246366
25.4466276283992,-14.7416975457574
25.5045944763189,-14.6777647740763
25.5621958502658,-14.6136185314091
25.6194305102646,-14.5492618426644
25.6762972390526,-14.4846977356366
25.7327948420141,-14.4199292407635
25.7889221472837,-14.3549593909498
25.8446780055614,-14.2897912212874
25.9000612901815,-14.2244277688917
25.9550708970842,-14.1588720726674
26.0097057447062,-14.0931271730778
26.0639647740526,-14.0271961119552
26.1178469485479,-13.9610819322741
26.1723035620363,-13.8952892902267
26.2279265814236,-13.8301056523602
26.2831833359904,-13.7647076276096
26.3380506788558,-13.6990868238314
26.3925272695936,-13.6332464643786
26.4466117915347,-13.5671897759067
26.5003029518439,-13.5009199881054
26.5535994813845,-13.4344403334978
26.6065001348252,-13.3677540471794
26.6590036905271,-13.3008643666187
26.7111089505704,-13.2337745313848
26.7628147406981,-13.1664877829692
26.8141199103106,-13.099007364498
26.8650233324102,-13.0313365205609
26.9155239035882,-12.9634784969326
26.9656205439865,-12.8954365403871
27.0153121972321,-12.8272138984386
27.0645978304351,-12.7588138191399
27.1134764341397,-12.6902395508395
27.1619470222213,-12.621494341974
27.2106592583718,-12.5528794953382
27.2610732748269,-12.4850446009191
27.3112328622091,-12.4170716369605
27.3609739642154,-12.3488885159972
27.410295315272,-12.2804986394229
27.4591956740188,-12.2119054110655
27.5076738234297,-12.1431122369586
27.5557285706668,-12.0741225250669
27.6033587470998,-12.0049396850831
27.6505632083101,-11.9355671281781
27.6973408340048,-11.8660082667844
27.7436905280254,-11.7962665143352
27.7896112183235,-11.7263452850466
27.8351018568408,-11.6562479936704
27.8801614196354,-11.5859780553109
27.9247889066383,-11.5155388851193
27.9689833417621,-11.4449338981345
28.0127437728069,-11.3741665089975
28.056069271382,-11.3032401317668
28.0989589329089,-11.2321581796621
28.1417668269519,-11.1610639515149
28.1865974666488,-11.0907724886388
28.2314562127517,-11.0204714719103
28.275870463591,-10.9499762305987
28.3198390565587,-10.879290306211
28.3633608534473,-10.8084172419495
28.4064347403373,-10.7373605824904
28.4490596276576,-10.6661238737829
28.4912344500988,-10.5947106627653
28.5329581666453,-10.5231244971563
28.5742297604486,-10.451368925213
28.6150482389139,-10.3794474955237
28.6554126335744,-10.3073637567263
28.6953220000761,-10.2351212573168
28.7347754181617,-10.1627235454288
28.7737719915881,-10.0901741685419
28.8123108481173,-10.0174766733403
28.8503911394294,-9.94463460541084
28.8880120411243,-9.87165150905298
28.9251727526,-9.79853092705554
28.9619967274639,-9.72531787483746
29.0008567821111,-9.65279472455478
29.0402302788962,-9.58042411238438
29.0791365179068,-9.50787799011721
29.1175744591285,-9.43516000640443
29.1555430867142,-9.36227381110797
29.1930414089933,-9.28922305504187
29.2300684583836,-9.21601138976484
29.2666232914492,-9.14264246733865
29.3027049887826,-9.06911994009789
29.338312655053,-8.99544746044398
29.3734454189256,-8.92162868055806
29.408102433019,-8.84766725226882
29.4422828739364,-8.77356682671433
29.4759859421099,-8.69933105421836
29.5092108618633,-8.62496358398772
29.5419568813443,-8.55046806395308
29.5742232723832,-8.47584814047764
29.6060093306032,-8.40110745820368
29.6373143752476,-8.32624965978397
29.6681448548966,-8.25128035122873
29.7006473417873,-8.17678749940995
29.7343716281866,-8.10261629760447
29.7676092505107,-8.02829058380041
29.8003593042317,-7.95381408602225
29.8326209086731,-7.8791905332011
29.8643932069503,-7.80442365490757
29.8956753659713,-7.72951718117554
29.9264665763918,-7.65447484225348
29.9567660526378,-7.57930036836996
29.9865730328001,-7.50399748953186
30.0158867787118,-7.42856993531973
30.0447065757659,-7.35302143458938
30.073031733049,-7.27735571535817
30.1008615831776,-7.20157650451085
30.1281954823075,-7.12568752760347
30.1550328100859,-7.04969250864877
30.1813729695986,-6.97359516988172
30.2072153873521,-6.89739923159323
30.2325595131872,-6.82110841183032
30.2574048202267,-6.74472642626824
30.2832574260801,-6.66858480578583
30.31114906662,-6.59288235802933
30.338578927044,-6.51705728457728
30.3655053678508,-6.44110430439042
30.3919276514332,-6.36502720268766
30.4178450634492,-6.28882976531457
30.443256913064,-6.21251577838962
30.4681625327131,-6.13608902820602
30.4925612782188,-6.05955330099022
30.5164525287417,-5.9829123826546
30.5398356867013,-5.9061700585616
30.5627101777976,-5.82933011341709
30.5850754509692,-5.7523963309464
30.6069309783567,-5.67537249370247
30.628276255289,-5.59826238292231
30.6491108001826,-5.52106977821722
30.6694341545704,-5.44379845746761
30.689245883076,-5.3664521964933
30.7085455732601,-5.2890347689555
30.7273328357187,-5.21154994606832
30.7465254359787,-5.13415277132196
30.7682945328551,-5.05718140298512
30.7897996473585,-4.98014496657504
30.8107889286774,-4.90300488298629
30.8312617865095,-4.82576497528697
30.8512176535867,-4.74842906711643
30.870655985596,-4.67100098264979
30.8895762612472,-4.59348454623267
30.9079779821694,-4.51588358224484
30.9258606729948,-4.43820191486992
30.9432238811947,-4.36044336791639
30.9600671772856,-4.2826117645717
30.976390154467,-4.20471092720334
30.9921924290357,-4.12674467717977
31.007473639928,-4.04871683462176
31.0222334489538,-3.97063121824601
31.0364715407156,-3.89249164508669
31.0501876225317,-3.8143019304016
31.0633814243895,-3.7360658873439
31.07605269898,-3.65778732682998
31.08865423412,-3.57952136491093
31.1040122494209,-3.50157392940389
31.1194983016394,-3.4236206827444
31.1344595438646,-3.34558904932578
31.1488955352836,-3.26748287496201
31.1628058576552,-3.18930600632399
31.1761901153636,-3.11106229075762
31.1890479355657,-3.03275557603371
31.2013789679522,-2.95438971025987
31.2131828849182,-2.87596854154799
31.2244593815315,-2.79749591788629
31.2352081754064,-2.71897568690775
31.2454290067823,-2.64041169573943
31.2551216384694,-2.56180779067705
31.264285855953,-2.48316781716227
31.2729214671135,-2.40449561938476
31.2810283024934,-2.32579504025665
31.2886062150167,-2.24706992107286
31.2956550801683,-2.16832410142871
31.3021747958368,-2.0895614189044
31.3083076346418,-2.01079462584488
31.3169860652791,-1.93219792801216
31.3263817292204,-1.8536277730675
31.3352470364297,-1.77500514176501
31.3435816958544,-1.69633389017321
31.3513854388844,-1.6176178755444
31.3586580193427,-1.53886095612563
31.3653992134378,-1.46006699104788
31.3716088198986,-1.38123983992386
31.3772866599311,-1.30238336289494
31.3824325769952,-1.22350142020053
31.3870464372928,-1.14459787218379
31.3911281292129,-1.06567657889372
31.394677563677,-0.986741400073754
31.3976946740123,-0.907796194822197
31.4001794158739,-0.828844821442942
31.4021317676357,-0.749891137287761
31.4035517295297,-0.670938998466397
31.4044393245213,-0.591992259758456
31.4047945979924,-0.513054774269506
31.4046233546696,-0.434130465163207
31.4063849316559,-0.355244570329205
31.409642026743,-0.276361582314166
31.4123666432926,-0.197452350559502
31.4145586400008,-0.118520730586624
31.4162178971236,-0.0395705794318246
31.4173443176881,0.039394244423363
31.4179378268462,0.118369881336378
31.4179983723627,0.197352470637213
31.4175259240724,0.276338150921163
31.4165204745702,0.355323060102819
31.4149820385226,0.434303335765662
31.4129106530504,0.513275115281431
31.4103063779195,0.592234535974967
31.4071692950768,0.671177735448225
31.4034995087189,0.750100851648483
31.3992971458606,0.829000023122717
31.3945623555972,0.907871389236448
31.3892953093827,0.98671109032864
31.3834962014751,1.06551526796608
31.3771652477548,1.14428006506984
31.3719179684264,1.22306836686903
31.3689599573816,1.30195512785463
31.3655222813339,1.3808438236893
31.3615534398594,1.45972867632338
31.3570534615782,1.53860583905896
31.3520223975705,1.61747146341327
31.346460321238,1.69632169934459
31.3403673284339,1.7751526954072
31.3337435374719,1.85396059898295
31.3265890891348,1.93274155647458
31.3189041466776,2.01149171352171
31.310688895779,2.09020721512871
31.3019435447632,2.1688842059902
31.2926683243512,2.24751883057621
31.2828634878649,2.32610723339093
31.2725293110768,2.40464555915594
31.2616660923702,2.48312995303763
31.2502741526302,2.56155656081205
31.2383538352583,2.63992152908799
31.2259055062801,2.7182210055031
31.2138554132368,2.7965360413333
31.2045064218836,2.8750969821715
31.1949078915088,2.95365630735205
31.1847830899389,3.03218586523855
31.1741321922407,3.11068183013532
31.1629553960291,3.18914037411986
31.1512529213534,3.26755766746061
31.1390250110099,3.34592987859423
31.126271930421,3.42425317458179
31.1129939675403,3.50252372106752
31.0991914331758,3.58073768265115
31.0848646607083,3.65889122301724
31.0700140064114,3.73698050516253
31.0546398491235,3.81500169156368
31.0387425905565,3.89295094444861
31.022322655244,3.97082442597565
31.0053804904218,4.04861829836847
30.9879165662068,4.12632872425291
30.9699313754653,4.20395186676927
30.951425433944,4.2814838897641
30.932826796688,4.35898201257316
30.9169419509647,4.43686091619924
30.9012068299491,4.51478129543688
30.8849537947935,4.59264660096466
30.8681831643593,4.67045303995661
30.850895280302,4.74819681716525
30.833090507117,4.82587413525835
30.8147692322191,4.90348119493689
30.7959318658675,4.98101419514683
30.7765788414155,5.05846933338887
30.7567106150767,5.13584280575827
30.7363276661512,5.21313080728305
30.7154304970148,5.29032953213004
30.69401963307,5.36743517371434
30.6720956228606,5.44444392503607
30.6496590380451,5.52135197877419
30.6267104734381,5.59815552760909
30.6032505470071,5.67485076433627
30.5792798999171,5.75143388217612
30.5547991965319,5.82790107489757
30.5299319551175,5.90427249755265
30.5074141863862,5.98109112082597
30.4855892736846,6.0580631013508
30.4632582970221,6.1349556414001
30.4404217152648,6.21176499531941
30.4170800104011,6.28848741504271
30.3932336876194,6.36511915025579
30.3688832753032,6.44165644863222
30.3440293251281,6.51809555608054
30.3186724120888,6.59443271686229
30.292813134513,6.67066417393869
30.2664521140954,6.74678616904885
30.2395899960278,6.82279494303231
30.2122274489012,6.89868673600103
30.1843651647935,6.97445778754826
30.1560038593319,7.05010433698732
30.1271442716757,7.1256226235505
30.0977871645362,7.20100888666479
30.0679333242407,7.27625936606842
30.0375835606886,7.3513703021149
30.0067419598538,7.4263387456142
29.9775533144544,7.50170389821392
29.9497076125526,7.57741891074346
29.9213712219903,7.6530313968604
29.8925447358915,7.72853767577999
29.8632287708049,7.80393406438549
29.8334239667504,7.87921687746405
29.8031309874066,7.95438242787299
29.7723505199649,8.02942702683112
29.7410832753613,8.10434698406937
29.7093299881531,8.17913860811501
29.677091416724,8.25379820646361
29.6443683431498,8.32832208582772
29.6111615734254,8.4027065523415
29.5774719373291,8.47694791182505
29.5433002885332,8.55104246992937
29.5086475046872,8.62498653250157
29.4735144873073,8.69877640560333
29.4379021619548,8.77240839599409
29.4018114781068,8.84587881108985
29.3652434093396,8.91918395943065
29.3295142821698,8.99272720636901
29.2956897986613,9.06686332580051
29.261442417269,9.14089037902244
29.2267239909307,9.21478987295785
29.1915352619739,9.28855821152865
29.1558769964404,9.36219179685054
29.119749984217,9.43568702951865
29.0831550390536,9.50904030877382
29.0460929986601,9.58224803276408
29.0085647246244,9.65530659876777
28.9705711026194,9.72821240339101
28.9321130423673,9.80096184284633
28.8931914775993,9.87355131312455
28.8538073662984,9.9459772102918
28.8139616904822,10.0182359306345
28.7736554564432,10.0903238709833
28.732889694642,10.1622374288581
28.6916654598336,10.2339730027921
28.6499838309958,10.3055269924639
28.6078459114108,10.3768957990297
28.5659518736459,10.4483334130762
28.526130624725,10.5205325706407
28.4860882649518,10.5926713200546
28.4455974528449,10.6646632270667
28.4046590433491,10.7365048096497
28.3632739152573,10.808192584517
28.3214429712345,10.8797230674455
28.2791671379563,10.9510927734476
28.2364473660074,11.0222982170143
28.1932846301039,11.0933359123706
28.1496799289691,11.1642023736351
28.1056342855123,11.2348941151538
28.0611487467425,11.3054076516264
28.016224383952,11.3757394984347
27.9708622925654,11.445886171785
27.9250635923134,11.5158441890202
27.8788294272793,11.5856100688305
27.8321609657098,11.6551803314437
27.7850594003546,11.724551498942
27.737525948173,11.7937200954287
27.6898557138232,11.8628092937968
27.6440809044352,11.9327082081085
27.5983809469921,12.0026588264992
27.5522586358775,12.072445818076
27.5057149197472,12.1420658472417
27.4587507708986,12.2115155780506
27.4113671852575,12.2807916743184
27.3635651825614,12.3498907999689
27.3153458062232,12.4188096191801
27.2667101235676,12.4875447966588
27.2176592256855,12.5560929978406
27.1681942276047,12.6244508891432
27.1183162682831,12.6926151381824
27.0680265105874,12.7605824140062
27.0173261414314,12.8283493873496
26.966216371676,12.8959127308207
26.9146984362699,12.9632691191915
26.8627735941749,13.0304152295807
26.8104431284627,13.0973477417342
26.7577083462783,13.164063338219
26.7046443438346,13.2305954222446
26.6530345373539,13.2978401858509
26.6018356501398,13.3653064042562
26.5502439216625,13.4325951651761
26.4982603676685,13.4997033174727
26.4458860270047,13.5666277106694
26.3931219614953,13.6333651950565
26.3399692560846,13.6999126219948
26.2864290187856,13.7662668440754
26.2325023807975,13.8324247154017
26.1781904965062,13.8983830917667
26.1234945434644,13.9641388308917
26.0684157225349,14.0296887926652
26.0129552577595,14.0950298393221
25.9571143965665,14.1601588357503
25.9008944096188,14.2250726496329
25.8442965909289,14.2897681517027
25.7873222578887,14.3542422160294
25.7299727511914,14.4184917201372
25.6722494349596,14.4825135453374
25.6141547572227,14.5463051812925
25.5569134514538,14.6105690073242
25.5003957039129,14.6752586752754
25.443517869541,14.7397604784217
25.3862809952246,14.8040714932733
25.3286861497443,14.8681887980757
25.2707344236391,14.9321094729615
25.2124269293333,14.9958306001864
25.1537648011407,15.0593492643246
25.0947491952523,15.12266255247
25.0353812898631,15.1857675544946
24.9756622850164,15.2486613631609
24.9155934028721,15.3113410744453
24.8551758874463,15.3738037876629
24.7944110048529,15.4360466057021
24.7333000432313,15.4980666352877
24.671844312671,15.559860987095
24.6100451454296,15.6214267760618
24.5479038956987,15.682761121522
24.4854219398036,15.7438611474745
24.4226006760826,15.8047239827653
24.3600777675191,15.865764436343
24.2984156992726,15.9273725186083
24.2364565553011,15.9888039191266
24.1741740751358,16.0500382888301
24.1115693093192,16.1110729818311
24.0486433283891,16.1719053552602
23.9853972227266,16.2325327693281
23.9218321027408,16.2929525876422
23.8579490987362,16.3531621772769
23.7937493610318,16.4131589090196
23.7292340599424,16.4729401575691
23.6644043857524,16.5325033016607
23.5992615488115,16.5918457243258
23.5338067794018,16.6509648130052
23.468041327925,16.7098579598232
23.4019664647192,16.7685225616758
23.3355834802126,16.8269560205061
23.2688936848163,16.8851557434387
23.2018984089635,16.943119142978
23.1345990031627,17.0008436372505
23.0672655076631,17.0585267823128
23.0006425699841,17.1167370161136
22.9338288946252,17.1748207887923
22.8667300865325,17.2327056598498
22.7993471170578,17.2903893083031
22.7316809747393,17.3478694169852
22.6637326653275,17.4051436726721
22.5955032117312,17.4622097662024
22.5269936540727,17.5190653926791
22.4582050496721,17.5757082515688
22.3891384730805,17.6321360469245
22.3197950160142,17.6883464874443
22.2501757874412,17.7443372867224
22.1802819134922,17.8001061633054
22.1101145375187,17.8556508409137
22.0396748200827,17.9109690485951
21.9689639389188,17.9660585208111
21.8979830889538,18.0209169976756
21.8267334822542,18.0755422250265
21.7552163481258,18.1299319546639
21.6835112646891,18.1841500799592
21.6121951359568,18.2386914252476
21.5407764522524,18.2931578575676
21.4691127593909,18.3474282579631
21.3972048746854,18.4015006779426
21.3250536289721,18.4553731731263
21.2526598666983,18.509043803391
21.1800244458217,18.5625106329212
21.1071482379253,18.6157717303985
21.0340321280839,18.6688251689986
20.9606770149321,18.7216690265899
20.8870838106975,18.7743013858082
20.8132534410595,18.8267203341383
20.7391868453058,18.8789239640776
20.6648849761393,18.9309103731432
20.5903487999009,18.9826776641446
20.5155792962785,19.034223945075
20.4405774585595,19.0855473294334
20.365344293441,19.1366459361689
20.289880821062,19.1875178898577
20.2141972421856,19.2381701032645
20.1385409903864,19.2888425700815
20.0627904248606,19.3394313859827
19.9868361676835,19.3898319964276
19.910678794119,19.4400428675571
19.8343188884564,19.49006246914
19.7577570441481,19.5398892747448
19.6809938636392,19.5895217616481
19.6040299584723,19.6389584109909
19.526865949264,19.6881977078256
19.4495024656163,19.7372381410673
19.3719401462346,19.7860782036997
19.2941796387487,19.8347163926407
19.2162215998962,19.8831512089924
19.1380666953322,19.9313811579138
19.0597155997324,19.9794047487885
18.9811689967399,20.0272204952384
18.9024275789052,20.0748269151262
18.8234920478209,20.1222225307284
18.7443631138848,20.1694058686179
18.6650414742914,20.2163754357855
18.5854763568969,20.2630757424011
18.5056919456784,20.3095383944643
18.425745357932,20.3558257497754
18.3456368276126,20.4019367191563
18.2653665925429,20.4478702154908
18.1849348944056,20.4936251537724
18.104341978777,20.5392004510912
18.0235880950548,20.5845950265818
17.9426734965276,20.6298078014818
17.8615984402597,20.6748376990028
17.7803631871981,20.7196836444723
17.6989680020569,20.7643445651605
17.617413153377,20.8088193903826
17.5356989134968,20.8531070514482
17.4538255585091,20.8972064815946
17.3717933683434,20.9411166161026
17.2896026266002,20.984836392109
17.2072536207352,21.0283647487636
17.1247466418833,21.0717006270961
17.0420819849284,21.1148429700415
16.9590804818043,21.157566726977
16.8755938066695,21.1996819757182
16.7919768230291,21.2416281943433
16.7082383809841,21.2834160287159
16.6243782672751,21.3250448505008
16.5403962668663,21.3665140303789
16.4562921629198,21.4078229379879
16.3720657367733,21.448970941799
16.2877167680065,21.4899574091092
16.203245034373,21.5307817059163
16.118650311769,21.5714431967839
16.0339323743912,21.6119412449181
15.9490909944893,21.6522752118742
15.8641259426162,21.6924444576826
15.7790369874192,21.7324483405733
15.6938238958134,21.772286217108
15.6084864328264,21.8119574418488
15.5230243617268,21.8514613675126
15.4374374439726,21.8907973447465
15.3517254391815,21.9299647220645
15.2657155125155,21.9687136270245
15.1789290374467,22.0063409414465
15.091991290501,22.0437354293658
15.0049695453717,22.0809944722987
14.9178630317977,22.1181178779126
14.8306709720515,22.1551054481445
14.7433925809651,22.1919569790927
14.6560270659847,22.2286722609525
14.5685736270664,22.2652510777152
14.481031456846,22.3016932071843
14.3933997405099,22.337998420705
14.3056776559163,22.3741664830889
14.2178643735221,22.4101971524242
14.1299590564756,22.4460901799596
14.0419608605754,22.4818453099381
13.9538689343098,22.5174622794185
13.8656824189027,22.5529408182247
13.7774004482822,22.5882806486737
13.6890221491285,22.6234814854919
13.6005466409202,22.6585430356884
13.5118705940627,22.6932920616456
13.4222268019968,22.7264130943574
13.3323298230451,22.7590749587513
13.2423864310056,22.7916256084605
13.1523952156883,22.8240652945324
13.0623547542811,22.8563942557777
12.9722636114067,22.8886127186151
12.882120339134,22.9207208968504
12.7919234770232,22.952718991457
12.7016715521606,22.9846071904262
12.6113630792204,23.0163856685429
12.5209965604256,23.0480545871266
12.430570485715,23.0796140939951
12.3400833326528,23.1110643230135
12.2495335665477,23.1424053941414
12.1589196404926,23.1736374130758
12.068239995385,23.2047604711013
11.977493059959,23.2357746448603
11.8866772508923,23.2666799961802
11.7957909728162,23.2974765718861
11.704801732769,23.3281025706606
11.6128354550938,23.3567936480505
11.5204133616714,23.3845500279429
11.4279647382247,23.4122283015498
11.3354874500303,23.4398289249601
11.2429793457835,23.4673523346476
11.1504382576115,23.4947989470736
11.0578620011452,23.5221691585441
10.9652483755951,23.5494633449033
10.872595163805,23.5766818613104
10.7799001323073,23.6038250419327
10.687161031386,23.630893199757
10.594375595177,23.6578866262899
10.5015415416901,23.6848055912851
10.4086565729162,23.7116503425501
10.3157183748806,23.7384211056227
10.2227246176852,23.7651180834948
10.1296729556793,23.7917414564787
10.0365610273926,23.8182913817397
9.94338645574686,23.8447679932609
9.85014677509639,23.8711712235897
9.75612926001048,23.8957253843459
9.66143390947707,23.9185045447663
9.56677660428937,23.9412178151152
9.47215450674435,23.9638663989911
9.377564761202,23.9864514690471
9.28300449429429,24.0089741670833
9.18847081494079,24.0314356036524
9.0939608145618,24.0538368580484
8.99947156712528,24.0761789779768
8.90500012931028,24.0984629794745
8.81054354061206,24.1206898466697
8.71609882342739,24.1428605315658
8.62166298327622,24.1649759539708
8.52723300878466,24.1870370011597
8.43280587191089,24.2090445277519
8.33837852802048,24.2309993555406
8.24394791603424,24.2529022732423
8.14951095851342,24.274754036357
8.05506456181604,24.2965553668903
7.96060561620635,24.3183069532783
7.86568610529486,24.3386625227696
7.76981669217207,24.3562988289007
7.67382979512661,24.3738683730584
7.57774648389358,24.3914469676518
7.48156314159587,24.4090340554905
7.38527612750914,24.4266290448859
7.28888177715277,24.4442313089618
7.19237640242909,24.4618401852854
7.0957562917485,24.4794549752527
6.99901771009763,24.4970749434898
6.90215689923122,24.5146993174547
6.80517007775876,24.5323272867584
6.70805344130372,24.5499580027154
6.61080316261859,24.5675905777475
6.51341539173558,24.5852240848304
6.41588625609728,24.6028575569316
6.31821186073864,24.6204899864846
6.22038828838214,24.6381203248092
6.12241159964668,24.6557474814896
6.02427783317836,24.6733703239526
5.92579403101325,24.6900971469236
5.82666573240402,24.7031921542137
5.72792443960424,24.7158100192051
5.62966258536335,24.7283307457472
5.53187587260879,24.7407606815509
5.43456001002625,24.7531060830056
5.33771071296059,24.7653731164631
5.2413237042316,24.7775678593751
5.14539471498381,24.7896963015402
5.04991948547229,24.801764346172
4.95489376587699,24.8137778111804
4.86031331706016,24.8257424302226
4.76617391132521,24.8376638538952
4.67247133318551,24.8495476509273
4.57920138004511,24.861399309159
4.48635986295756,24.8732242368444
4.39394260728818,24.8850277636011
4.30194545341749,24.8968151416484
4.21036425738777,24.9085915467386
4.11919489159374,24.9203620794679
4.02834551075273,24.9317284657341
3.93643944197066,24.9395277126936
3.84284066686007,24.9467022198461
3.74761657565017,24.9541279025669
3.65076318615678,24.9617862214151
3.55227637193138,24.969658308153
3.45215186848264,24.9777249616701
3.35038527960734,24.9859666436684
3.24697208382219,24.9943634742936
3.14190764095201,25.002895227691
3.03518719882305,25.0115413273988
2.92680590009269,25.0202808416779
2.81675878922698,25.0290924787689
2.70504081961747,25.0379545820726
2.59164686082585,25.0468451250244
2.4765717060248,25.055741706393
2.35981007953399,25.0646215447966
2.24135664458061,25.0734614738204
2.12120601118215,25.082237936556
1.99935274421819,25.0909269803522
1.87579869645589,25.0994546821747
1.75267267166674,25.1060245264025
1.63501449779915,25.110907070755
1.52355254668777,25.1148620404398
1.4182897151656,25.1179721985682
1.31922792475194,25.1203156879557
1.22636821871822,25.1219660291944
1.13971085334441,25.1229921203651
1.0592553834158,25.1234582376502
0.985000741923159,25.1234240376249
0.916945314033057,25.1229445600892
0.855087005251676,25.1220702321518
0.799423303884339,25.1208468728938
0.749951337714094,25.1193156987704
0.706667924997362,25.1175133295704
0.66956961971556,25.115471794832
0.638652751156599,25.1132185407887
0.613913457799242,25.1107764373398
0.595347715548655,25.1081637857524
0.582951360328821,25.1053943261232
0.576720105041773,25.1024772453779
